{"cameraMode":{"drawMode":0,"name":"Shaded","section":"Shading Mode"},"sceneLighting":false,"audioPlay":false,"sceneViewState":{"showFog":true,"showMaterialUpdate":false,"showSkybox":false,"showFlares":true,"showImageEffects":true,"showParticleSystems":true},"in2DMode":false,"pivot":{"x":0.0,"y":4.185781955718994,"z":6.450000762939453},"rotation":{"x":0.27642709016799929,"y":0.02907738834619522,"z":0.0036196515429764988,"w":0.9605881571769714},"size":59.84138107299805,"orthographic":false}