{"cameraMode":{"drawMode":0,"name":"Shaded","section":"Shading Mode"},"sceneLighting":false,"audioPlay":false,"sceneViewState":{"showFog":true,"showMaterialUpdate":false,"showSkybox":false,"showFlares":true,"showImageEffects":true,"showParticleSystems":true},"in2DMode":false,"pivot":{"x":1.6549999713897706,"y":3.9967782497406008,"z":13.500076293945313},"rotation":{"x":-0.2957024574279785,"y":-0.5510354042053223,"z":0.20082131028175355,"w":-0.7540496587753296},"size":8.833335876464844,"orthographic":false}