{"cameraMode":{"drawMode":0,"name":"Shaded","section":"Shading Mode"},"sceneLighting":false,"audioPlay":false,"sceneViewState":{"showFog":true,"showMaterialUpdate":false,"showSkybox":false,"showFlares":true,"showImageEffects":true,"showParticleSystems":true},"in2DMode":false,"pivot":{"x":-0.30000007152557375,"y":0.053575314581394199,"z":0.5000640153884888},"rotation":{"x":-0.42974287271499636,"y":0.013725602999329567,"z":-0.008656344376504422,"w":-0.9028054475784302},"size":0.8402900099754334,"orthographic":false}