{"cameraMode":{"drawMode":0,"name":"Shaded","section":"Shading Mode"},"sceneLighting":false,"audioPlay":false,"sceneViewState":{"showFog":true,"showMaterialUpdate":false,"showSkybox":false,"showFlares":true,"showImageEffects":true,"showParticleSystems":true},"in2DMode":false,"pivot":{"x":0.008323192596435547,"y":9.244268417358399,"z":6.453875541687012},"rotation":{"x":0.003309685504063964,"y":-0.6157684326171875,"z":-0.005019265227019787,"w":-0.7879043221473694},"size":49.55926513671875,"orthographic":false}