{"cameraMode":{"drawMode":0,"name":"Shaded","section":"Shading Mode"},"sceneLighting":false,"audioPlay":false,"sceneViewState":{"showFog":true,"showMaterialUpdate":false,"showSkybox":false,"showFlares":true,"showImageEffects":true,"showParticleSystems":true},"in2DMode":false,"pivot":{"x":-0.2560000419616699,"y":0.053286828100681308,"z":1.9500000476837159},"rotation":{"x":-0.08269108831882477,"y":0.00693150470033288,"z":-0.0024983163457363846,"w":-0.9965479969978333},"size":2.340069055557251,"orthographic":false}