{"cameraMode":{"drawMode":0,"name":"Shaded","section":"Shading Mode"},"sceneLighting":false,"audioPlay":false,"sceneViewState":{"showFog":true,"showMaterialUpdate":false,"showSkybox":false,"showFlares":true,"showImageEffects":true,"showParticleSystems":true},"in2DMode":false,"pivot":{"x":-11.449999809265137,"y":4.644999980926514,"z":-9.049150466918946},"rotation":{"x":-0.09659863263368607,"y":0.009661365300416947,"z":-0.012506561353802681,"w":-0.9951979517936707},"size":24.395431518554689,"orthographic":false}